Type,SKU,Name,Published,Is featured?,Visibility in catalog,Short description,Description,Tax status,In stock?,Sold individually?,Regular price,Categories,Images,Download limit,Download expiry days,Download 1 name,Download 1 URL
"simple, virtual, downloadable","cartao-de-votos-para-casamento","Cartão de Votos para Casamento","-1","1","visible","Arquivo digital do Cartão dos Votos para emocionar os noivos e eternizar palavras especiais no grande dia.","<p>Surpreenda os noivos com um Cartão dos Votos elegante e personalizado. Ideal para casamentos, cerimônias e recepções, o arquivo está pronto para impressão em alta qualidade e pode ser utilizado por papelarias, gráficas ou impresso em casa. Uma lembrança delicada que torna esse momento ainda mais inesquecível.</p>

<h3>O que vem no arquivo</h3>
<ul>
<li>Arquivo digital em alta resolução pronto para impressão</li>
<li>Design moderno e elegante</li>
<li>Ideal para casamentos, mini weddings e cerimônias ao ar livre</li>
<li>Download imediato após a confirmação do pagamento</li>
<li>Uso ilimitado para impressão pessoal</li>
</ul>

<h3>Ideal para</h3>
<ul>
<li>Noivos que desejam trocar votos de forma especial</li>
<li>Cerimonialistas e organizadores de eventos</li>
<li>Papelarias personalizadas</li>
<li>Quem busca uma lembrança elegante e emocionante para o casamento</li>
</ul>

<h3>Como usar</h3>
<ul>
<li>Realize a compra pelo site.</li>
<li>Faça o download do arquivo imediatamente após a confirmação do pagamento.</li>
<li>Imprima em papel de sua preferência ou envie para uma gráfica.</li>
<li>Escreva seus votos e torne esse momento ainda mais inesquecível.</li>
</ul>

<h3>Observações</h3>
<ul>
<li>Produto exclusivamente digital. Nenhum item físico será enviado.</li>
<li>As cores podem variar de acordo com a tela ou impressora utilizada.</li>
<li>Recomendamos a impressão em papel de alta gramatura para um acabamento premium.</li>
</ul>","none","1","1","9.99","Casamento","","5","","Cartão de Votos para Casamento",""
"simple, virtual, downloadable","kit-de-atividades-biblicas-arca-de-noe","Kit de Atividades Bíblicas — Arca de Noé","-1","1","visible","Material completo com páginas para colorir, labirintos, caça-palavras e jogos. Arquivos otimizados para garantir a melhor qualidade de impressão.","<p>Um kit digital pronto para imprimir e usar com crianças em aulas, cultos infantis, atividades em casa ou reforço bíblico. O material reúne propostas simples, visuais e lúdicas para trabalhar a história da Arca de Noé com mais participação.</p>

<h3>O que vem no arquivo</h3>
<ul>
<li>Formato A4 otimizado</li>
<li>Pronto para impressão</li>
<li>Design exclusivo</li>
<li>Acesso vitalício</li>
</ul>

<h3>Ideal para</h3>
<ul>
<li>Ministério infantil</li>
<li>Escola bíblica dominical</li>
<li>Atividades em casa</li>
<li>Aulas e encontros com crianças</li>
</ul>

<h3>Como usar</h3>
<ul>
<li>Finalize a compra pela Kiwify.</li>
<li>Baixe o arquivo digital recebido após a confirmação.</li>
<li>Imprima em folha A4 comum ou papel de maior gramatura.</li>
<li>Use as atividades em sala, em casa ou em lembrancinhas educativas.</li>
</ul>

<h3>Observações</h3>
<ul>
<li>Produto digital: nenhum item físico será enviado.</li>
<li>As cores podem variar conforme impressora, papel e configuração de tela.</li>
<li>Você pode imprimir quantas vezes precisar para uso pessoal, familiar, escolar ou ministerial.</li>
</ul>","none","1","1","19.99","Educação","https://raw.githubusercontent.com/movcodebr/lojadokiwi/main/imagens/arcadenoe.webp","5","","Kit de Atividades Bíblicas — Arca de Noé",""
"simple, virtual, downloadable","kit-de-atividades-biblicas-quem-e-deus","Kit de Atividades Bíblicas — Quem é Deus?","-1","1","visible","Kit infantil com atividades educativas e bíblicas para ensinar às crianças sobre Deus de forma divertida. Inclui labirinto, caça-palavras, ligue os pares, atividades de contagem, desenho e muito mais.","<p>Um material cristão infantil para apresentar conceitos sobre Deus de forma acessível, colorida e participativa. As atividades foram pensadas para crianças que aprendem melhor quando desenham, procuram, contam, ligam e interagem com o conteúdo.</p>

<h3>O que vem no arquivo</h3>
<ul>
<li>Arquivo em PDF</li>
<li>Formato A4 otimizado</li>
<li>Atividades educativas</li>
<li>Design infantil exclusivo</li>
<li>Ideal para ministério infantil</li>
<li>Acesso vitalício</li>
</ul>

<h3>Ideal para</h3>
<ul>
<li>Crianças em fase de alfabetização</li>
<li>Ministério infantil</li>
<li>Escola bíblica dominical</li>
<li>Pais que desejam atividades cristãs em casa</li>
</ul>

<h3>Como usar</h3>
<ul>
<li>Compre o arquivo digital com pagamento seguro.</li>
<li>Baixe o PDF na plataforma.</li>
<li>Imprima as páginas que desejar no tamanho A4.</li>
<li>Separe lápis de cor, giz ou canetinhas e aplique as atividades.</li>
</ul>

<h3>Observações</h3>
<ul>
<li>Produto entregue em formato digital.</li>
<li>Não inclui envio impresso.</li>
<li>O acesso é vitalício para baixar e imprimir novamente quando precisar.</li>
</ul>","none","1","1","14.99","Educação","https://raw.githubusercontent.com/movcodebr/lojadokiwi/main/imagens/quemeDeus.webp","5","","Kit de Atividades Bíblicas — Quem é Deus?",""
"simple, virtual, downloadable","lembrancinha-dia-das-maes","Lembrancinha Dia das Mães","-1","1","visible","Arquivo digital especial para o Dia das Mães com lembrancinha delicada e pronta para impressão. Ideal para igrejas, ministério infantil, escolas e homenagens cristãs.","<p>Uma lembrancinha cristã delicada para homenagear mães in igrejas, escolas e encontros especiais. O arquivo foi preparado para facilitar a impressão, o corte e a montagem, com formatos úteis para quem faz manualmente ou usa máquina de corte.</p>

<h3>O que vem no arquivo</h3>
<ul>
<li>Arquivo PDF pronto para impressão</li>
<li>Arquivo SVG incluso</li>
<li>Arquivo Silhouette Studio</li>
<li>Mockup de exemplo</li>
<li>Alta resolução</li>
<li>Pronto para imprimir e montar</li>
</ul>

<h3>Ideal para</h3>
<ul>
<li>Dia das Mães na igreja</li>
<li>Homenagens escolares</li>
<li>Ministério infantil</li>
<li>Lembrancinhas cristãs</li>
</ul>

<h3>Como usar</h3>
<ul>
<li>Baixe os arquivos após a compra.</li>
<li>Escolha entre imprimir o PDF ou usar o arquivo de corte.</li>
<li>Corte, vinque e monte conforme o acabamento desejado.</li>
<li>Finalize com embalagem, doce, mensagem ou pequeno mimo.</li>
</ul>

<h3>Observações</h3>
<ul>
<li>Produto digital para impressão e montagem.</li>
<li>Não acompanha materiais físicos.</li>
<li>Antes de cortar em máquina, confira medidas e configurações do seu equipamento.</li>
</ul>","none","1","1","6.99","Presentes","","5","","Lembrancinha Dia das Mães",""
"simple, virtual, downloadable","suspiros-de-amor","Suspiros de Amor","-1","0","visible","Kit digital com tag delicada para personalizar embalagens de suspiros, doces e pequenos mimos. Arquivos otimizados para garantir a melhor qualidade de impressão.","<p>Um arquivo digital delicado e fácil de usar para transformar lembrancinhas simples em algo mais especial. Ideal para suspiros, doces, pequenos presentes e embalagens personalizadas em casamentos, encontros, igrejas, aniversários e datas comemorativas.</p>

<h3>O que vem no arquivo</h3>
<ul>
<li>Arquivo PDF pronto para impressão</li>
<li>Arquivo SVG incluso</li>
<li>Arquivo Silhouette Studio</li>
<li>Mockup de exemplo</li>
<li>Alta resolução</li>
<li>Pronto para imprimir e montar</li>
</ul>

<h3>Ideal para</h3>
<ul>
<li>Lembrancinhas personalizadas</li>
<li>Casamentos e noivados</li>
<li>Eventos de igreja</li>
<li>Presentes e pequenos mimos</li>
</ul>

<h3>Como usar</h3>
<ul>
<li>Finalize a compra pela Kiwify.</li>
<li>Baixe os arquivos digitais após a confirmação do pagamento.</li>
<li>Imprima em papel de sua preferência.</li>
<li>Recorte manualmente ou utilize máquina de corte.</li>
<li>Use nas embalagens de suspiros, doces ou lembrancinhas.</li>
</ul>

<h3>Observações</h3>
<ul>
<li>Produto digital: nenhum item físico será enviado.</li>
<li>As cores podem variar conforme impressora, papel e configuração de tela.</li>
<li>Uso permitido para fins pessoais e pequenos trabalhos personalizados.</li>
</ul>","none","1","1","4.99","Presentes","","5","","Suspiros de Amor",""
"simple, virtual, downloadable","hot-wheels-personalizado","Hot Wheels Personalizado","-1","0","visible","Arquivo digital editável para criar mini Hot Wheels personalizados com foto. Arquivos otimizados para garantir uma impressão de alta qualidade e montagem prática.","<p>Um arquivo digital criativo e totalmente editável para montar mini embalagens estilo Hot Wheels personalizadas com fotos, frases e nomes. Ideal para presentear namorados, casais, pais, amigos ou apaixonados por carros de forma única e divertida.</p>

<h3>O que vem no arquivo</h3>
<ul>
<li>Canva editável</li>
<li>Arquivo PDF pronto para impressão</li>
<li>Arquivo SVG incluso</li>
<li>Arquivo Silhouette Studio</li>
<li>Mockup de exemplo</li>
<li>Tutorial rápido de montagem</li>
</ul>

<h3>Ideal para</h3>
<ul>
<li>Presentes para namorado(a)</li>
<li>Datas comemorativas</li>
<li>Lembranças criativas</li>
<li>Apaixonados por carros</li>
</ul>

<h3>Como usar</h3>
<ul>
<li>Finalize a compra pela Kiwify.</li>
<li>Acesse o arquivo editável enviado após a confirmação do pagamento.</li>
<li>Personalize com suas fotos, frases ou nomes.</li>
<li>Imprima em papel de maior gramatura para melhor acabamento.</li>
<li>Recorte e monte seguindo o tutorial incluso.</li>
</ul>

<h3>Observações</h3>
<ul>
<li>Produto digital: nenhum item físico será enviado.</li>
<li>As cores podem variar conforme impressora, papel e configuração de tela.</li>
<li>É necessário possuir conta gratuita no Canva para editar o arquivo.</li>
</ul>","none","1","1","19.99","Presentes","","5","","Hot Wheels Personalizado",""
